f4141fe5ecced68261c194f91b891648,38f4d0af885ddb1ae87de5718f867afb
e147b86a7b768a81daef35f5027cc550,e8861e16fac07d7216921ef266b22d97
95091f22b992b49dbf1b885bd9ad9e39,4ddef8c2ddaaf24b061249788c1707ed
6bf9d66444a52c0315e68abd20f7dfb8,8dc1fa5046665b4f8b4ab7981d6fe85e
f88f14f3cfa90b1c100928d4ed88f775,74f6ec40ce8966d201c110dd18b2e927
5701439b45d795ea78beb0feab9b1943,16fab0b096fbdc575ffc83313e8ea77b
9cd142353a3e983d40b9e91e4f48add9,a1955b7aa5f3a3088a2c2199eac5d200
1fed6d68b0e5c4ba0c1033389a18f405,f717d9f233cf0fb4d96162b7d3a7ecbb
b8acf3f83f4906590ea40633cf49cdeb,3be07f0525186e0d199c0e5666fed114
30a4212d5361d719f0100a0a2c2e886e,a7f4d1fb92bba1b944453b85938d957a
