8849cf303a5271194619bbfe495e9c99,aba83821976cd6fe5190b4c3760bf9b8
1ceb36200f3317cd24cee06d23580006,8bcbb4a43dbf4fa6d45fa7473910163d
da59fead9e89754707a9f4c2418c5c34,137f78694e7ab1c3f47c95b1259d8a92
7b8c0e9ca362a49d69a68c5376a6d034,87bfc9dfab74abc482acf4019631a16d
00a93f427ec67aee7acf3aea225eaf4b,be553d400f19dac145c52facee4a48d2
d4461dc0ad5b24bb017165858baffb58,332b292001785fc41d4c06ad938709f4
703a31fe32f46a80881ef1fa71638ba5,d12455bd8a319c604cfee3b16a7e4b66
61d636647e8e90b70fc66a4240a77d43,8dc2f39bc6ebdf079d9372493028d6d0
51a8307dbb811ef5dca0627decd7aa0e,bbec8d6ebbff0310c2ee830e93b4a500
047e00682f73556499d496b24291445e,36984aa75677667da3672f62595aa0da
