f355a1314cbd74f8a41839c11a437289,de7591375ecd724f6933192bf31eb7df
d4d5e2b7c5ce6d63fb9fcaa8c165cc7b,de3a5179fc52063f20a26e3a8b770ccd
3373c4f1993446ae64de8c895a4faa2b,0f418761730903dcca434c47c939202c
4c43067f11de343ee178b75e675a9bed,5b6cb2afdb7dcd89537dd308638a9ac8
f087d34655baf955a3975f8878e30735,8bc8d29c5b8322c6346500aa26fc2479
207d88ac70bf63c08c382dd872d40c76,d05851d34bf9664862c4930a1a150df3
aeb74b3a5d81f9cad040d37cb1547d27,accf71fd6c90e79366291d55991e55eb
174a4ec4c827955fae6353ebde2c1c55,5ab3e6c985c797354c944e6e0e2d51bd
b907cf49d73c192f4c87cc5c2625304a,42d125ae7d33153dc1850b0a71cb4aaf
38cbc7cfb5f5012b321987242a1b9dad,023ef82fa8d0caa711ceab679f49a938
