3e064abb48e2f3be8137dc46d5d66582,7c081e808ba754f1b63292a6083bdb82
87620314d187c5de2638be8613ab4bd1,590d72381f80403f244e7eb97f87fdf6
28ed42a19bc853b79bb3c3384e1fdcc5,a77fed3ca3f25161425d207048ca13a9
77f600e04585d0094a87e4f2242d9caf,e6ab6b0db25fb21f9e11f4b5176c2b4c
b5f6be98ff82c4d72cb319723e400ccd,31ed975b52b8d80b247c6a53ff1ed5a2
0daa1ea98dcc8e9d26def8538b01791f,86f1ad60a17dac2e902a19d037ceaf73
0b0e326c3a038d02d3da1d9a7eee6f1c,6e2a02879cf3abbcf73401eb1c11aaf2
d2b300833e62d78a309d104986445c47,0b0768ba24ba34bc143ef95fc7b34505
603b068bc7ab139ea21c2116d695bc7a,0ec372f8ca01f5e05e3b11f3f142ac68
674ea9eaccc1ba9b47a7e79c6cde86f3,499246f24717fbe72df0ceec11b0d3f3
