559070e61ab614f8caccb40930a491ed,749cd69fe6c19b0bd9a12f9eb5a847d8
07080306902986cc8699dd6ea75eaca6,53221457b99a67c1a80848ffedbbfffc
cae7d2d01f7d8e0c24645b3ffcaab9b9,ef1789485b4af62bcad0c30fd54e38a1
be10bdad23984d4c87b5553e98415e35,fbda69503babec0078fb77f923f795db
9c51d7415b5dd957f7e5e7097c011801,24a74e5ddf967979cdf42021765dc0f9
1e8e469e43447b2b10e84d1f3d7e9289,d89555ce26f425a5ac5a83f3f34deea4
22ad8f32bfe25554a9511de83989e542,d339f2e548ee6563022ec0bb8a78087e
1739c4cb41d6630a0af7223a2f211391,0e3d0d77f933e70069c833bf578ae53e
73512658229e7fd9f9848a78a110e9d3,c4c75eb63bf1c632472ba928b3aadb83
3b1092fe916c35a7a0a6c6a51a47314c,980d06adaf6c455d6cb374f38c9a42eb
