eb39fa6f88a088ecb20ded9a6262f034,498fd2ce0e5ffc58341c493f11b01d4f
ff505efeb4fdc8f50c6e0f5d2566fbcf,a780508cb7988843cc5ac7c9773569c1
8b278d1cf5e89164fde74f72b31c804f,22cf845b4d5d02f84d9878dd07e60dc1
2d34d3dbf9644ad746c259eae5b73221,7da0e38448430e8ab152d98ded6d44c5
706029552a7af522c94be78705f6ef01,85cd550e7a244f9d3d347477a5625972
11c8a8ee178163a13adaf9df547a717f,0fcc465ed1174d3263d253f2ec283dab
fe54e9e509cdd5741c9b3f8a463e1088,dc98b6ac814d34f3c8451bee29792fda
f935dc79dfb3ff5e844baf719db3eef7,0d2231984e486a126e88ef0fb6762565
72f7c1022993425794c9a7d18d635a7a,b7a2b46d35e68b64fb659946af2c2eb2
1aed38b4639ba4ee130836668f79f278,9b2031a6fb9b4153f8e3e0f9220e49da
