c9e41a3beb140bbc43f24bf8b0a786d0,83932dbac0fde306acb32204316a60c7
2bc48b8ac1f9ae3c6f8876d0da6d1902,602973c6b0546f90633e705aa4507a0b
89284275fea979ddcffcc4e831811608,905b309d6471d568788b79770c1e0273
2cc3f8d63208e8342c3d78d2035ed140,29033d2982b2f42a446235a0badda48e
b7caa53ee6e4e5dbde4e41229275dcd5,36c79d40abd1884067d98d6af66a589b
fb642f91e207ef129a928f5ba64e0d5d,ef86d5c92a7d63dd7d06059f724b3c39
4bb8fff67416f595b864029d74079d36,249cde203f3ad6c3ea6016aad8f19507
9bc23ce4d2514d3b72fba13c6bc13389,79e8d8633156cd1c9e0e9b8a5a25c938
7cdeb7df04ec5d2c8cb8ed129d4b85fb,721845f1229d5e9d32e8e746f7a1635c
f5c20d86e9fa3bba33a1f8db00be3841,ed644e5214292ed4da5cc82e63db9fa8
