60b01e32298d6426f8c9ca135c5ca057,93c70c4b1c81eee9c26a1d0b4cd7810b
90e34c4e7f9252630558dd7b1fd3012f,8a1278b7d3ed0362838a79648586da02
b9351c172aa20fa9352bc776ed496389,1ce9162da6508bfcce008957138e269e
22c7011afb3d5cb6496028f16c0c92a6,0c5d3b6c7d9c23777d539a976ffabe9d
e4fc77465cd098487d0fc0cd5c3cc3d8,2227357cf4d8c5bbadb148905a348930
e5f64504e13a58e93b8e24e3941095f7,c85f6b8ea3b25e451101e7f97c5f1df1
09e30c409461ff01dd4e0d4360639d71,0e7236541015a53611a02f74fb304e8c
7bad97907263f1be8044a5baeb190b17,7c7b7da3a511108b365d5f98a06149c0
65ad0f73f5c57e66ee540930873b17d6,b352c02d20ff001b4c990894a1a33bfb
f3bb30f5264df96467aa14d0b1d52f12,1086f7cf0dd0666babe7a0d6128f9737
