ecb71ed971a3b3a95d14a062f34e1f84,7f6abd678119e2e74d7d870d460fbb92
e9ce768b1ea78a893110e10dbd873fdf,9ecd2796ab90bb44c7cc15388ebc5bb4
598b97a09fd1993e5726d2ee9e772ce4,5d19b43edcce891211bcea0825363ef6
b9cb1677187a3ad7d634cf9370e42f05,9233134cc1a89596b4438314d68c7115
22f3cb0fb39ab7887670dd7f49895229,6e5518055b591307e93e8f524dfc182b
1c02857aa7cffd2b763d243e4a2f7487,6db0902373e8030f261c85ad8e0474d6
21256597b5e9c58c3b0f36d7b9a7fa54,95b0a6e6c2233ecc1ab2d97fc3420944
310cf7dda0e8a56e71b350d64514f016,d39505f072f4810d125e69c38246e557
7e4e58166e424ebb5bedf0ba37194e82,6d13b2797dd5555d0094cdec8244d771
e130e6e71ddeca31c9bae81561ed4a30,0ef8a6d36583a32830bd5a81526caa7c
