95a16025f046f19125ef02c2436d26ec,ae0a24bb94b2109e6e0458be21da6c56
80ce46c2549e260cd1e6422c3a4a3c79,c8fb932cb9a2078f4e40cb0969d40a7f
ea953759ea4780a89af0a4d55c924ac2,4f124e9aab67e94f1509811203e590cd
22777130bee8a0a9476f436bcb086da3,fb6cb818bfef2bbdccda3edb3ef3198a
284fd53f80bebf995ebce66fae029568,a2220f90c33b55eb1cd5cced9e70b9d2
4864dc18cecbd8c8166ca1d21daf14ae,57da10b228d057f9fa7df86c7a5d1d99
9d8a480e4e8bbe3e21de2f879bd41fb7,a0598ba5b415db2aa483c2791f86468a
d3e6238720abbb8f8251eeb2a684bfc1,e5b082d055b0adfeb2514d181a563d1a
fd39fe5cf22052a0b3ccf20d2f0799e0,c918617d8599bb456fad8331c9d79ab6
d049a03a01196fedfdd27483290ebd98,cb5ead6a6329a2b4c45c40c1e2b154fb
