f3a3126802e55f94b32ba5554d4b7945,d4c9f94c1a3dfba7d54b117045c3c6ea
d3c87c39b88190206cef1f9bf3ab45df,eb640f453cd5d3cef77f2649f3f2d014
7a6355e69910341ccfb7a2c1f9421df0,8b4b125928d38e6e13e4517213b19580
cccd2eacfc3d312fd4d25e4f414682b3,6b7a66c8cca6b34f19e51d57e62ed006
c0b40f2262e1b5e9a5301acc340f0222,81f69a52440323e43222cd1d365ce95a
54bb66268af8c32801c3976d2a550c96,1647b4dd44fdcb90b7fa418504362f55
c0e76597eae3055c5508dd3003e2a790,b0265ad1f47a49dbbe6682d7aaeffe46
28422a23661440feadfd9c3ab15401c1,f1ef9eadf1b2418efa11c76321d2498d
13f0a052ca66033a67c919f026cb4f73,c4d34adebdd87d3be86ae116106f72eb
19595248ef8957067adef90521eb2531,72ad41c84db8b7cc70892f8ebb5ce929
