_:ex8998_54_65,_:ex9001_54_65,_:ex9002_54_65,_:ex9003_54_65
X2,_:ex5452_31,_:ex5453_31,_:ex5454_31
_:ex2568_50_54,_:ex2569_50_54,_:ex2570_50_54,X6
X3,_:ex8811_54,_:ex8812_54,_:ex8813_54
_:ex269_38,_:ex272_38,_:ex273_38,_:ex274_38
_:ex4938_54,_:ex4939_54,_:ex4940_54,_:ex4941_54
X1,X2,_:ex1316_38_31,_:ex1317_38_31
_:ex6225_31_18,_:ex6228_18_31,_:ex6229_18_31,X12
_:ex2232_62_18,_:ex2235_62_18,X11,X12
_:ex3224_14_27,_:ex3227_14_27,_:ex3228_14_27,_:ex3229_14_27
_:ex55_31,_:ex58_31,_:ex59_31,_:ex60_31
_:ex6667_8_50_10_12,_:ex6668_8_50_10_12,X5,X6
